<?xml version="1.0" encoding="UTF-8"?>
    <addon id="repository.seanskodifire" name="Sean's Kodi Fire Repo" version="1.1.0" provider-name="s3anmack">
        <requires>
            <import addon="xbmc.addon" version="12.0.0"/>
        </requires>
        <extension point="xbmc.addon.repository" name="Sean's Kodi Fire Repo">
            <info compressed="false">http://seanskodi.x10.mx/_seanskodirepo/addons.xml</info>
            <checksum>http://seanskodi.x10.mx/_seanskodirepo/addons.xml.md5</checksum>
            <datadir zip="true">http://seanskodi.x10.mx/_seanskodirepo/</datadir>
            <hashes>false</hashes>
        </extension>
        <extension point="xbmc.addon.metadata">
            <summary>Seans Kodi Fire Repo</summary>
            <description>Test Build</description>
            <platform>all</platform>
    </extension>
</addon>