<?xml version="1.0" encoding="UTF-8"?>
  <addon id="repository.seanskodifire" name="Sean's Kodi Fire Repo" version="1.4.0" provider-name="s3anmack">
        <requires>
            <import addon="xbmc.addon" version="12.0.0"/>
        </requires>
        <extension point="xbmc.addon.repository" name="Sean's Kodi Fire Repo">
            <info compressed="false">https://raw.githubusercontent.com/s3anmack/s3anmack.github.io/master/zips/addons.xml</info>
            <checksum>https://raw.githubusercontent.com/s3anmack/s3anmack.github.io/master/zips/addons.xml.md5</checksum>
            <datadir zip="true">https://raw.githubusercontent.com/s3anmack/s3anmack.github.io/master/zips/</datadir>
            <hashes>false</hashes>
        </extension>
        <extension point="xbmc.addon.metadata">
            <summary>Seans Kodi Fire Repo</summary>
            <description>8/8/2020 Update</description>
            <platform>all</platform>
    </extension>
</addon>