<?xml version="1.0" encoding="UTF-8"?>
<addon id="plugin.program.seanskodifire" name="Seans Kodi Fire Update Wizard" version="0.0.3" provider-name="Sean">
  <requires>
    <import addon="xbmc.python" version="2.1.0"/>
  </requires>
  <extension point="xbmc.python.pluginsource" library="default.py">
    <provides>executable</provides>
  </extension>
  <extension point="xbmc.service" library="startup.py" start="startup" />
  <extension point="xbmc.addon.metadata">
    <summary lang="en">Seans Kodi Fire Update Wizard</summary>
    <description lang="en">Initial update - 08/19/2018.</description>
    <platform>all</platform>
  </extension>
</addon>